{"exact": 29.6, "f1": 54.11194852936284, "total": 375, "HasAns_exact": 29.6, "HasAns_f1": 54.11194852936284, "HasAns_total": 375}