{"exact": 45.320197044334975, "f1": 71.46809348028076, "total": 203, "HasAns_exact": 45.320197044334975, "HasAns_f1": 71.46809348028076, "HasAns_total": 203}