{"exact": 33.86666666666667, "f1": 59.71168100536433, "total": 375, "HasAns_exact": 33.86666666666667, "HasAns_f1": 59.71168100536433, "HasAns_total": 375}