{"exact": 36.45320197044335, "f1": 58.756992588605435, "total": 203, "HasAns_exact": 36.45320197044335, "HasAns_f1": 58.756992588605435, "HasAns_total": 203}